City_ID,City,Country,Max Temp,Current Description,Lat,Lng,Hotel Name
0,Busselton,AU,61.0,overcast clouds,-33.65,115.3333,Observatory Guest House
1,Atuona,PF,80.6,few clouds,-9.8,-139.0333,Villa Enata
2,Barbacoas,CO,77.72,light rain,1.6715,-78.1398,edificio justin
3,Rikitea,PF,78.3,light rain,-23.1203,-134.9692,Pension Maro'i
4,Vaini,TO,80.6,few clouds,-21.2,-175.2,Keleti Beach Resort
8,Bambous Virieux,MU,78.01,broken clouds,-20.3428,57.7575,Casa Tia Villa
11,Saldanha,ZA,60.8,overcast clouds,-33.0117,17.9442,Blue Bay Lodge
12,Mandali,IQ,64.33,clear sky,33.7499,45.5541,ŸÇÿ±ÿ¶ ÿßŸÑÿ¥ŸäÿÆ ÿ≥ÿ≠ÿßÿ® ÿßŸÑŸÜÿØÿß
13,Hobart,AU,50.0,broken clouds,-42.8794,147.3294,Mantra on Collins Hobart
15,Kailua,US,75.2,scattered clouds,21.4022,-157.7394,Sheffield House Bed & Breakfast
16,Kaitangata,NZ,61.0,broken clouds,-46.2817,169.8464,Kaitangata Motor Camp
17,Guerrero Negro,MX,64.62,overcast clouds,27.9769,-114.0611,"Casa Laguna, Bed & Breakfast"
18,Arauca,CO,82.4,broken clouds,7.0847,-70.7591,Hotel Verano Plaza
22,Hasaki,JP,54.0,few clouds,35.7333,140.8333,Hotel Sunrise Choshi
23,Hervey Bay,AU,66.0,clear sky,-25.2986,152.8535,Shelly Bay Resort
24,Cape Town,ZA,64.99,clear sky,-33.9258,18.4232,Southern Sun Waterfront Cape Town
25,Mount Isa,AU,68.0,clear sky,-20.7333,139.5,ibis Styles Mt Isa Verona
27,Terrell,US,82.99,clear sky,32.736,-96.2753,Holiday Inn Express & Suites Terrell
28,Griffith,US,52.0,overcast clouds,41.5284,-87.4237,"Motel 6 Hammond, IN - Chicago Area"
29,Port Alfred,ZA,65.66,broken clouds,-33.5906,26.891,The Halyards Hotel
30,New Norfolk,AU,50.0,overcast clouds,-42.7826,147.0587,The Shingles Riverside Cottages
31,Tautira,PF,86.0,broken clouds,-17.7333,-149.15,Pension Oaoa
32,Sinnamary,GF,78.06,broken clouds,5.3833,-52.95,ALETHEIA Appartement Sinnamary
34,Arraial Do Cabo,BR,78.8,clear sky,-22.9661,-42.0278,Pousada Porto Praia
35,Mataura,NZ,57.0,overcast clouds,-46.1927,168.8643,Ellie's Villa
39,Punta Arenas,CL,55.4,clear sky,-53.15,-70.9167,Hotel Dreams Del Estrecho
42,Saint-Philippe,RE,77.0,clear sky,-21.3585,55.7679,"Chambres d'h√¥te ""La Trinit√©"""
43,Alofi,NU,80.6,broken clouds,-19.0595,-169.9187,Taloa Heights
44,Karratha,AU,82.83,broken clouds,-20.7377,116.8463,ibis Styles Karratha
49,Ushuaia,AR,50.0,broken clouds,-54.8,-68.3,Albatros Hotel
50,Bredasdorp,ZA,57.2,overcast clouds,-34.5322,20.0403,Bredasdorp Country Manor
51,Chalakudi,IN,77.0,mist,10.304,76.3361,Hotel Sidhartha Luxury Business Class Hotel 4 STAR
54,Hamilton,US,53.6,overcast clouds,39.1834,-84.5333,Six Acres Bed & Breakfast
57,Richards Bay,ZA,71.35,clear sky,-28.783,32.0377,BON Hotel Waterfront Richards Bay
59,Airai,TL,63.36,scattered clouds,-8.9266,125.4092,Juvinal Martin
60,Bengkulu,ID,75.16,overcast clouds,-3.8004,102.2655,Grage Hotel Bengkulu
62,Codrington,AU,58.06,broken clouds,-38.2667,141.9667,Codrington Gardens Bed And Breakfast
63,Jamestown,US,64.4,clear sky,42.097,-79.2353,Hampton Inn & Suites Jamestown
64,Port Blair,IN,81.63,overcast clouds,11.6667,92.75,Welcomhotel Bay Island Port Blair
65,Mount Gambier,AU,51.8,overcast clouds,-37.8333,140.7667,Commodore on the Park
66,Kattivakkam,IN,82.4,mist,13.2167,80.3167,Raj's villa
68,Shimoda,JP,55.99,broken clouds,34.6667,138.95,Shimoda Tokyu Hotel
70,Hilo,US,80.6,clear sky,19.7297,-155.09,Hilo Hawaiian Hotel
71,Kawalu,ID,71.98,broken clouds,-7.3817,108.2082,KOSAN UNGU UNSIK
75,Hermanus,ZA,64.99,overcast clouds,-34.4187,19.2345,Misty Waves Boutique Hotel
76,Rawson,AR,69.69,clear sky,-43.3002,-65.1023,Hosteria Sampedro
77,Makakilo City,US,69.8,heavy intensity rain,21.3469,-158.0858,Marriott's Ko Olina Beach Club
79,Kapaa,US,77.0,light rain,22.0752,-159.319,Sheraton Kauai Resort at Coconut Beach
80,Tateyama,JP,57.0,scattered clouds,34.9833,139.8667,Tateyama Seaside Hotel
82,Benghazi,LY,62.82,few clouds,32.1167,20.0667,Tibesti Hotel
83,Jorochito,BO,69.8,broken clouds,-18.05,-63.4333,Tom¬¥s Hauss
84,Jaten,ID,74.8,broken clouds,-7.5772,110.8975,Loh Agung 6 B10
85,Ponta Do Sol,PT,63.0,overcast clouds,32.6667,-17.1,Hotel do Campo
86,Ancud,CL,60.01,broken clouds,-41.8697,-73.8203,Hotel Arena Gruesa
87,Half Moon Bay,US,68.0,haze,37.4636,-122.4286,"The Ritz-Carlton, Half Moon Bay"
88,Carnarvon,AU,78.8,overcast clouds,-24.8667,113.6333,Hospitality Carnarvon
89,Palmas Bellas,PA,86.0,scattered clouds,9.2319,-80.0867,Estaci√≥n de Chagres
92,Coahuayana,MX,84.2,scattered clouds,18.7333,-103.6833,El rranchito michuacan de ocampos
93,San Quintin,MX,62.67,broken clouds,30.4833,-115.95,Don Eddie's Sport Fishing Center
97,Passo Fundo,BR,65.64,broken clouds,-28.2628,-52.4067,Hotel Villa Vergueiro
98,Poum,NC,77.41,overcast clouds,-20.2333,164.0167,G√Æte kajeon
99,Karaton,ID,78.01,few clouds,-6.3424,106.1045,Parkir Mobil Wisata CAS Water Park
100,Tual,ID,82.56,scattered clouds,-5.6667,132.75,Grand Vilia Hotel
102,Constitucion,CL,60.82,clear sky,-35.3333,-72.4167,Hotel Boutique Las Azucenas
103,Lagoa,PT,61.65,overcast clouds,39.05,-27.9833,Casa Das Faias
104,Ahipara,NZ,71.06,scattered clouds,-35.1667,173.1667,Ahipara Holiday Park
108,Teguise,ES,68.0,few clouds,29.0605,-13.564,B&B La Casona de Nazaret
111,Manzanillo,CU,83.59,broken clouds,20.3433,-77.1167,"HOSTAL ""THE YELLOW HOUSE"""
112,Villa Del Rosario,CO,87.8,scattered clouds,7.8339,-72.4742,Hotel Villas de San Diego
115,Hithadhoo,MV,83.03,overcast clouds,-0.6,73.0833,Scoop Guest House
117,Ngunguru,NZ,69.01,broken clouds,-35.6167,174.5,Pacific Rendezvous Motel Resort
119,Saint George,US,84.0,clear sky,37.1041,-113.5841,Best Western Plus Abbey Inn
121,Mizan Teferi,ET,62.67,light rain,6.9833,35.5833,Hotel Salayish | ·àÜ·â¥·àç ·à≥·àã·ã≠·àΩ
122,Codajas,BR,74.95,light rain,-3.8367,-62.0569,Hotel Tamires
123,Bluff,NZ,57.0,scattered clouds,-46.6,168.3333,Bluff Homestead - Guesthouse & Campervan Park
125,Porto Belo,BR,77.0,clear sky,-27.1578,-48.5531,Costa Verde Beach Hotel
126,Pisco,PE,73.4,clear sky,-13.7,-76.2167,Hotel San Isidro Oficial
127,Tomatlan,MX,83.37,broken clouds,19.9333,-105.25,Norma franco
128,Ambilobe,MG,72.86,overcast clouds,-13.2,49.05,H√¥tel & Restaurant DIANA Ambilobe
130,Ribeira Grande,PT,62.6,broken clouds,38.5167,-28.7,Quinta da Meia Eira
131,Kahului,US,75.2,light rain,20.8947,-156.47,Maui Seaside Hotel
132,Fortuna,US,61.0,clear sky,40.5982,-124.1573,Super 8 by Wyndham Fortuna
135,Vila Velha,BR,77.0,clear sky,-20.3297,-40.2925,Quality Suites Vila Velha
137,Butaritari,KI,81.28,scattered clouds,3.0707,172.7902,Isles Sunset Lodge
141,Bethel,US,55.4,light rain,41.3712,-73.414,Courtyard by Marriott Danbury
144,Mar Del Plata,AR,64.0,clear sky,-38.0023,-57.5575,Gran Hotel Mar del Plata
145,Maneadero,MX,64.99,broken clouds,31.7167,-116.5667,Casa De Thompson
147,Antofagasta,CL,62.6,scattered clouds,-23.65,-70.4,Holiday Inn Express Antofagasta
150,Cidreira,BR,72.7,overcast clouds,-30.1811,-50.2056,Hotel Castelo
151,Bourail,NC,76.62,overcast clouds,-21.5667,165.4833,Motel Allamanda
152,Correntina,BR,74.8,overcast clouds,-13.3433,-44.6367,Hotel Pousada dos Sonhos
153,Puerto Ayora,EC,80.6,scattered clouds,-0.7393,-90.3518,Finch Bay Galapagos Hotel
154,Georgetown,MY,80.6,scattered clouds,5.4112,100.3354,Cititel Penang
155,North Bend,US,55.0,clear sky,43.4065,-124.2243,Red Lion Hotel Coos Bay
158,Lhokseumawe,ID,76.73,few clouds,5.1801,97.1507,OYO 3278 Penginapan Alfajri
160,Bennettsville,US,80.01,scattered clouds,34.6174,-79.6848,Quality Inn
161,Katsuura,JP,57.0,few clouds,35.1333,140.3,Katsuura Hotel Mikazuki
163,Westport,US,50.0,light rain,41.1415,-73.3579,The Westport Inn
164,Te Anau,NZ,55.02,heavy intensity rain,-45.4167,167.7167,Kingsgate Hotel Te Anau
165,Chuy,UY,64.09,overcast clouds,-33.6971,-53.4616,Nuevo Hotel Plaza
166,Lusaka,ZM,60.8,clear sky,-15.4067,28.2871,InterContinental Lusaka
167,Colares,PT,57.0,broken clouds,38.7992,-9.4469,Arribas Sintra Hotel
168,Gizo,SB,82.0,light rain,-8.103,156.8419,Imagination Island
173,Gilgit,PK,51.33,overcast clouds,35.9221,74.3087,Tourist Hamlet Gilgit
175,East London,ZA,71.13,overcast clouds,-33.0153,27.9116,Tu Casa
176,Erzin,TR,50.0,scattered clouds,36.9559,36.2,Artemis Otel
178,Jinxiang,CN,64.08,overcast clouds,27.4327,120.6062,Wolong Village
179,Vila Franca Do Campo,PT,62.6,broken clouds,37.7167,-25.4333,Pestana Bahia Praia
180,Gat,IL,55.0,clear sky,31.61,34.7642,OlusHome
181,Pimenta Bueno,BR,75.87,overcast clouds,-11.6725,-61.1936,Cristalina Palace Hotel
182,Nago,JP,69.8,clear sky,26.5881,127.9761,Hotel Yugaf Inn Okinawa
185,Cabedelo,BR,75.2,broken clouds,-6.9811,-34.8339,Hotel Pigalle
188,Asfi,MA,60.94,broken clouds,32.2994,-9.2372,H√¥tel Abda
189,Fort Smith,US,80.6,clear sky,35.3859,-94.3986,Hampton Inn by Hilton Fort Smith
190,Itupiranga,BR,84.2,scattered clouds,-5.1347,-49.3267,Hotel Panorama
195,Isangel,VU,82.4,broken clouds,-19.55,169.2667,Volcano Sea View Tree House
196,Tanete,ID,76.06,broken clouds,-3.9443,119.7848,Wisma Tri Multi
197,Timaru,NZ,57.0,light rain,-44.4,171.25,The Grosvenor
199,Campbell River,CA,53.01,few clouds,50.0163,-125.2446,Ramada by Wyndham Campbell River
200,Yankton,US,60.8,overcast clouds,42.8711,-97.3973,Holiday Inn Express & Suites Yankton
201,Cordoba,AR,62.6,clear sky,-31.4135,-64.1811,Hotel Sussex
204,Meadow Lake,US,79.0,broken clouds,34.8014,-106.5436,JKL Inc. R.V Park and Storage
208,Lincoln,US,69.8,clear sky,40.8,-96.667,Courtyard by Marriott Lincoln Downtown/Haymarket
210,Bosaso,SO,79.5,broken clouds,11.2842,49.1816,Red Sea Hotel
211,Praia,CV,73.4,clear sky,14.9215,-23.5087,LT Aparthotel
213,Oriximina,BR,76.95,overcast clouds,-1.7656,-55.8661,Pousada Tia Am√©lia
214,Islamkot,PK,77.52,clear sky,24.6997,70.17699999999999,Haji Hotel
215,Caravelas,BR,74.77,clear sky,-17.7125,-39.2481,Pousada dos Navegantes
216,Cayenne,GF,81.0,clear sky,4.9333,-52.3333,H√¥tel Le Dronmi
219,Baturite,BR,74.91,broken clouds,-4.3286,-38.8847,Hotel Padre C√≠cero
220,Zaragoza,ES,50.0,clear sky,41.6561,-0.8773,Hotel Goya
222,Afonso Bezerra,BR,79.72,overcast clouds,-5.4983,-36.5056,Pousada Shammah
223,Sokoni,TZ,80.6,moderate rain,-6.4333,39.55,Ujamaa Beach Resort
224,Novopokrovka,UA,51.8,light rain,49.8425,36.5477,–ü—É–¥–∂ –¥–æ–º
225,Mahebourg,MU,77.0,broken clouds,-20.4081,57.7,Shandrani Beachcomber Resort & Spa
229,Port Hedland,AU,78.8,broken clouds,-20.3167,118.5667,The Esplanade Hotel
230,Esperance,AU,60.8,light rain,-33.8667,121.9,Hospitality Esperance
231,Hami,CN,52.07,overcast clouds,42.8,93.45,Laoyutang Resort
232,Pucallpa,PE,84.2,scattered clouds,-8.3791,-74.5539,Hospedaje Komby
233,Sur,OM,80.64,clear sky,22.5667,59.5289,Sur Plaza Hotel
234,Faanui,PF,82.36,overcast clouds,-16.4833,-151.75,Bora-Bora Pearl Beach Resort & Spa
235,Taltal,CL,64.8,broken clouds,-25.4,-70.4833,Residencial Karime
237,Luena,AO,65.08,overcast clouds,-11.7833,19.9167,Hotel Kandamba
238,San Patricio,US,86.0,clear sky,28.017,-97.5169,"Motel 6 Sinton, TX"
239,Biu,NG,83.75,broken clouds,10.6129,12.1946,Emir's Palace
240,Jadu,LY,67.23,overcast clouds,31.953000000000003,12.0261,ÿ≥ŸäŸÅÿßŸà ÿπÿ®ÿßÿ≤ÿ©
241,Quatre Cocos,MU,78.01,light rain,-20.2078,57.7625,Emeraude Beach Attitude Hotel
242,Port-Gentil,GA,77.0,few clouds,-0.7193,8.7815,Fengshui Residence
243,Woodward,US,82.4,clear sky,36.4337,-99.3904,Holiday Inn Express & Suites Woodward Hwy 270
247,Ahome,MX,86.0,broken clouds,25.9167,-109.1833,Rancho El Sauce y la Palma
250,Nishihara,JP,69.8,scattered clouds,26.1842,127.7558,Minshuku Agaihama
251,Gawler,AU,51.01,overcast clouds,-34.6,138.7333,Eagle Foundry Bed & Breakfast
254,Nanakuli,US,69.8,light rain,21.3906,-158.1547,Camp PƒÅlehua
256,Jibuti,DJ,80.6,haze,11.5,42.5,Orchid Main Camp Goubet
257,Oyama,JP,59.0,few clouds,36.3,139.8,Toyoko Inn Oyama-eki Higashi-guchi No.1
258,Victoria,HK,73.0,overcast clouds,22.2855,114.1577,Mini Hotel Central
259,Barstow,US,87.8,clear sky,34.8986,-117.0228,"Motel 6 Barstow, CA"
260,Godfrey,US,66.99,clear sky,38.9556,-90.1868,Super 8 by Wyndham Alton
265,Saint-Leu,RE,77.0,clear sky,-21.15,55.2833,La Caz Oceane
267,Carlyle,US,66.99,clear sky,38.6103,-89.3726,Centerstone Inn & Suites - Carlyle
269,Menongue,AO,59.77,clear sky,-14.6585,17.691,Ritz Lauca
270,Lorengau,PG,77.4,moderate rain,-2.0226,147.2712,Lorengau Harbourside Hotel
271,Mikepercs,HU,55.4,clear sky,47.45,21.6333,Dorcas Center & Camping
272,Firozpur,IN,77.0,overcast clouds,30.9167,74.6,Singhz Guest House
273,Niquero,CU,79.99,broken clouds,20.0431,-77.5828,Islazul Niquero
274,Kimberley,ZA,60.8,clear sky,-28.7323,24.7623,Welgewandel Guesthouse
276,Santa Fe,AR,66.0,light rain,-31.6333,-60.7,Conquistador Hotel
277,Itarema,BR,79.65,overcast clouds,-2.9248,-39.9167,"Sea Lounge! Bar, Club & Restaurant"
279,Fort Walton Beach,US,75.2,clear sky,30.4058,-86.6188,Best Western Ft. Walton Beachfront
280,Hualmay,PE,69.82,overcast clouds,-11.0964,-77.6139,Hotel Villa Kitzia Huacho
281,Kuala Lipis,MY,71.98,scattered clouds,4.1842,102.0468,Lipis Centrepoint Hotel
282,Cabo San Lucas,MX,86.0,scattered clouds,22.8909,-109.9124,Hotel Tesoro Los Cabos
285,Acapulco,MX,84.2,few clouds,16.8634,-99.8901,HS Hotsson Smart Acapulco
287,Libertador General San Martin,AR,66.99,overcast clouds,-23.8064,-64.7876,Posada del Sol
288,Cervo,ES,51.01,clear sky,43.6702,-7.4101,Hotel Spa Galatea
290,Souillac,MU,77.0,broken clouds,-20.5167,57.5167,Shanti Maurice Resort & Spa
291,Lebu,CL,57.15,clear sky,-37.6167,-73.65,Hostal Las Lilas
293,Pasir Gudang,MY,80.6,scattered clouds,1.4584,103.8805,Swan Garden Hotel
294,Aksu,CN,53.78,clear sky,41.1231,80.2644,Pudong Holiday Hotel
295,Del Rio,US,95.0,clear sky,29.3627,-100.8968,Holiday Inn Express & Suites del Rio
296,Batticaloa,LK,78.53,overcast clouds,7.7102,81.6924,Grand Star Guest House
297,Saquarema,BR,78.8,few clouds,-22.92,-42.5103,Hotel Fazenda Sol e Lua
298,Saint-Georges,GD,82.4,few clouds,12.0564,-61.7485,Radisson Grenada Beach Resort
299,Qui Nhon,VN,75.09,clear sky,13.7667,109.2333,Hoang Yen Canary Hotel
300,Chipinge,ZW,57.31,clear sky,-20.1883,32.6236,Chipinge Breeze Lodge
301,Garowe,SO,70.97,scattered clouds,8.4054,48.4845,Curubo Hotel
303,Myitkyina,MM,69.19,few clouds,25.3833,97.4,Shwe Phyu Hotel
304,Ginir,ET,58.51,scattered clouds,7.1333,40.7,Sura Dare Village
305,Beihai,CN,74.5,overcast clouds,21.4833,109.1,21 Degree Hostel
306,Port Lincoln,AU,61.41,overcast clouds,-34.7333,135.8667,Port Lincoln Hotel
307,San Francisco,US,66.99,broken clouds,37.7749,-122.4194,The Clift Royal Sonesta Hotel
308,Devaprayag,IN,64.74,clear sky,30.15,78.6167,Hotel UMA
309,Ozark,US,77.0,clear sky,37.0209,-93.206,Americas Best Value Inn Ozark Springfield
310,Fukue,JP,62.22,light rain,32.6881,128.8419,Goto Guesthouse Utojuku & SA Car Rental
311,Sumter,US,66.2,clear sky,28.7086,-82.0831,Paradise Oaks RV Resort
312,Bairiki,KI,84.2,broken clouds,1.3292,172.9752,Tarawa Boutique Hotel
313,Russell,US,78.8,clear sky,32.3502,-85.1999,Macs
315,Kirakira,SB,81.01,overcast clouds,-10.4544,161.9205,SanBiz Lodge
316,Hokitika,NZ,57.31,overcast clouds,-42.7167,170.9667,Beachfront Hotel Hokitika
318,Kiunga,PG,75.76,overcast clouds,-6.1219,141.2906,Airport Lodge Kiunga
319,Ponta Delgada,PT,62.6,broken clouds,37.7333,-25.6667,Vila Nova Hotel
320,Dagua,CO,87.8,scattered clouds,3.6569,-76.6886,Hostal R√≠o Dagua
322,Sola,VU,84.2,overcast clouds,-13.8833,167.55,Leumerus Bungalows
327,Waingapu,ID,77.18,broken clouds,-9.6567,120.2641,Pondok Wisata Elim
329,Benguela,AO,81.48,broken clouds,-12.5763,13.4055,Hotel Praia Morena
331,Matara,LK,76.23,overcast clouds,5.9485,80.5353,Amaloh Boutique Resort
332,Lompoc,US,62.6,overcast clouds,34.6391,-120.4579,Holiday Inn Express Lompoc
335,Cuitlahuac,MX,86.0,clear sky,18.8167,-96.7167,Empacadora Sierra Madre
336,Ribas Do Rio Pardo,BR,83.93,broken clouds,-20.4431,-53.7592,Pousada Avenida
337,Hobyo,SO,81.99,scattered clouds,5.3505,48.5268,Halane Hotel and Restaurent
342,Bilma,NE,82.8,clear sky,18.6853,12.9164,Expeditions T√©n√©re voyages
344,Geraldton,AU,73.4,broken clouds,-28.7667,114.6,Broadwater Mariner Resort
345,Cao Bang,VN,70.48,overcast clouds,22.6667,106.25,kh√°ch s·∫°n 88
346,Santiago Del Estero,AR,65.84,few clouds,-27.7951,-64.2615,Apartamentos Castelli 90
347,Bousse,BF,87.8,clear sky,12.6606,-1.8922,Maison d'h√¥tes EBEN-EZER DE BOUSSE
348,Mwanza,TZ,69.8,light rain,-2.5167,32.9,Gold Crest Hotel
349,Townsville,AU,78.8,few clouds,-19.25,146.8,Rydges Southbank Townsville
350,Kruisfontein,ZA,57.99,broken clouds,-34.0033,24.7314,Oyster Bay House Rental
351,Swan Hill,AU,54.54,clear sky,-35.3378,143.5544,Lazy River Motor Inn
352,Pacific Grove,US,59.0,overcast clouds,36.6177,-121.9166,Lovers Point Inn
353,Grand Gaube,MU,78.01,light rain,-20.0064,57.6608,Veranda Paul et Virginie Hotel & Spa
356,Vallenar,CL,69.48,clear sky,-28.5708,-70.7581,Humacao Bed & Breakfast
357,Raton,US,75.2,clear sky,36.9034,-104.4391,Holiday Inn Express & Suites Raton
358,Rurrenabaque,BO,86.0,broken clouds,-14.4413,-67.5278,Casa de Campo
359,Dingle,PH,78.31,overcast clouds,10.9995,122.6711,SEGAYA PROPERTY
360,Kolaras,IN,78.91,few clouds,25.2333,77.6,Shiv Shakti Garden (Gayatri Colony)
361,Tura,IN,73.87,broken clouds,25.5198,90.2201,Hotel RIKMAN Continental
363,Farafangana,MG,74.7,overcast clouds,-22.8167,47.8333,Miarina
368,Sorong,ID,80.06,broken clouds,-0.8833,131.25,waigo splash hotel
370,Labuhan,ID,77.61,broken clouds,-6.8844,112.2051,PT PPI Lamongan Tambak C
371,Rincon,US,73.4,broken clouds,32.296,-81.2354,Days Inn Rincon
372,Axim,GH,80.85,overcast clouds,4.8699,-2.2405,AXIM BEACH RESORT AND SPA
374,Pawayan,IN,73.67,clear sky,28.0667,80.1,SBM TOILET KAMALBAG
375,Luxor,EG,62.6,clear sky,25.6989,32.6421,Iberotel Luxor
376,Cajabamba,PE,59.92,light rain,-7.6167,-78.05,Hotel Frayle Cajabamba
379,Castro,BR,63.9,clear sky,-24.7911,-50.0119,CHACARA BAILLY
381,Nhulunbuy,AU,78.8,broken clouds,-12.2333,136.7667,East Arnhem Real Estate
383,Chake Chake,TZ,77.36,light rain,-5.2459,39.7666,Hotel Archipelago
384,Rocha,UY,62.96,overcast clouds,-34.4833,-54.3333,Beleza Pura B&B
385,Siocon,PH,80.19,scattered clouds,7.7061,122.1353,ABS Hotel
389,Laguna,US,82.99,clear sky,38.421,-121.4238,Holiday Inn Express & Suites Elk Grove Central - Hwy 99
390,Mailsi,PK,79.03,scattered clouds,29.8003,72.1758,Mian Lodge
391,Barcelos,PT,57.99,clear sky,41.5388,-8.6151,Hotel Do Ter√ßo
392,Vao,NC,76.08,broken clouds,-22.6667,167.4833,Hotel Kou-Bugny
393,Monrovia,LR,77.0,light rain,6.3005,-10.7969,Sunset Inn
394,Upington,ZA,69.8,clear sky,-28.4478,21.2561,River Place Manor
395,Sabha,LY,73.96,broken clouds,27.0377,14.4283,Foundation Taaj Asala for Historical Research and Archeology
398,Gorontalo,ID,77.76,overcast clouds,0.5412,123.0595,Maqna Hotel by Prasanthi
399,Sioux City,US,66.2,clear sky,42.5,-96.4003,Hilton Garden Inn Sioux City Riverfront
401,Creston,US,66.2,clear sky,41.0586,-94.3614,Supertel Inn & Conference Center
404,Novyy Rogachik,RU,57.0,scattered clouds,48.6768,44.0608,V Gostyakh u Baby Poli
407,Butembo,CD,57.49,broken clouds,0.15,29.2833,Hotel Butembo
408,Mayo,US,70.0,few clouds,38.8876,-76.5119,Resorts Resource Group International
409,Zhongshu,CN,55.56,few clouds,24.5167,103.7667,Xintianlong Hotel
410,San Juan,AR,66.43,clear sky,-31.5375,-68.5364,Hotel Provincial
411,Bathsheba,BB,78.8,volcanic ash,13.2167,-59.5167,Atlantis Hotel
412,Rio Tercero,AR,57.0,clear sky,-32.173,-64.1141,"Hotel V√©lez Sarsfield ""Low Cost"""
414,Saint Anthony,US,55.4,overcast clouds,45.0205,-93.21799999999999,Holiday Inn Express Roseville-St. Paul
415,Coquimbo,CL,59.0,clear sky,-29.9533,-71.3436,Punto de encuentro
416,Naze,JP,69.8,few clouds,28.3667,129.4833,Â•ÑÁæé„Éù„Éº„Éà„Çø„ÉØ„Éº„Éõ„ÉÜ„É´
417,Hambantota,LK,77.79,overcast clouds,6.1241,81.1185,Bungalow 63
418,Tooele,US,51.01,clear sky,40.5308,-112.2983,Holiday Inn Express & Suites Tooele
419,Lata,PT,55.0,few clouds,40.1629,-8.3327,Casa Maquia
420,Lamu,KE,82.4,scattered clouds,-2.2717,40.902,Lamu House
421,Sao Filipe,CV,75.07,clear sky,14.8961,-24.4956,Tortuga B&B
422,Itoman,JP,69.8,few clouds,26.1247,127.6694,Southern Beach Hotel & Resort Okinawa
426,Port Pirie,AU,50.0,overcast clouds,-33.1833,138.0167,John Pirie Motor Inn
427,Coos Bay,US,55.99,clear sky,43.3665,-124.2179,Best Western Holiday Hotel
428,Takoradi,GH,80.82,overcast clouds,4.8845,-1.7554,Raybow International Hotel
429,Keelung,TW,71.01,few clouds,25.1283,121.7419,East Coast Star Boutique Hotel
430,Gaya,IN,69.8,haze,24.7833,85.0,Hotel Kumar Kripa
431,Kununurra,AU,77.0,overcast clouds,-15.7667,128.7333,Hotel Kununurra
432,Sayyan,YE,57.99,clear sky,15.1718,44.3244,ŸÖÿ™ŸÜÿ≤Ÿá Ÿà ÿ®ÿ≠Ÿäÿ±ÿ© ÿ≥ŸäÿßŸÜ
433,Faya,SA,62.6,clear sky,18.3851,42.4509,ŸÖŸÇÿ®ÿ±ÿ© ÿßŸÑ ŸÖÿ¨ŸÖŸÑ
434,Mindelo,CV,71.6,few clouds,16.8901,-24.9804,Hotel Gaudi
435,Port Elizabeth,ZA,60.8,scattered clouds,-33.918,25.5701,39 On Nile Guest House
437,Brenes,ES,60.8,clear sky,37.5494,-5.8714,Hotel El Juncal
438,Camacha,PT,64.4,scattered clouds,33.0833,-16.3333,Hotel Porto Santo & Spa
439,Sibolga,ID,76.08,overcast clouds,1.7427,98.7792,Hotel Syariah CN Darussalam
440,Umm Lajj,SA,69.21,clear sky,25.0213,37.2685,Moon light Furnished Units
442,Emerald,AU,64.4,clear sky,-23.5333,148.1667,The Irish Village
443,Bahia Blanca,AR,64.98,clear sky,-38.7196,-62.2724,Hotel Argos
447,Padang,ID,75.2,overcast clouds,-0.9492,100.3543,Mercure Padang
448,Palmerston,AU,80.01,broken clouds,-12.485999999999999,130.9833,Quest Palmerston - Serviced Apartments and Accommodation
450,Shelburne,CA,60.01,broken clouds,44.0787,-80.2041,The Retreat at the Farm
451,Avarua,CK,82.4,light rain,-21.2078,-159.775,Paradise Inn
452,Gasa,PS,55.4,scattered clouds,31.5,34.4667,ÿ±ÿßÿ®ÿ∑ÿ© ÿßŸÑŸÅŸÜÿßŸÜŸäŸÜ ÿßŸÑŸÅŸÑÿ≥ÿ∑ŸäŸÜŸäŸäŸÜ
453,Buala,SB,82.17,overcast clouds,-8.145,159.5921,Maringe Lagoon Lodge
455,Malino,PH,73.4,broken clouds,15.1257,120.6727,Mula 1522 Private Resort
458,Iroquois Falls,CA,68.0,light rain,48.7669,-80.6831,Auberge MacDonald Guest Inn
460,Moctezuma,MX,88.9,overcast clouds,29.8,-109.6667,Hotel Lobohombo
462,Gambela,ET,82.71,overcast clouds,8.25,34.5833,Solomon Debebe Hotel
463,Hadejia,NG,85.69,broken clouds,12.4498,10.0444,Kasuwar Kuda Hadejia General Hospital Road
466,Puerto Narino,CO,84.2,moderate rain,-3.7703,-70.3831,Eware Refugio Amazonico
467,Bubaque,GW,77.0,clear sky,11.2833,-15.8333,"Casa Dora, Bubaque"
469,Hillsborough,US,68.0,broken clouds,37.5741,-122.3794,Hyatt Regency San Francisco Airport
470,Portobelo,PA,86.0,broken clouds,9.55,-79.65,Scuba Portobelo
471,Maceio,BR,71.6,light rain,-9.6658,-35.7353,Poutur Pousada
472,Tucson,US,90.0,few clouds,32.2217,-110.9265,DoubleTree by Hilton Hotel Tucson - Reid Park
473,Idanre,NG,70.43,overcast clouds,7.1127,5.1159,Rock valley hotel
476,Jalu,LY,60.46,clear sky,29.0331,21.5482,ÿµÿßÿ≠ÿ®ÿ© ÿßŸÑŸÅÿÆÿßŸÖÿ©
477,Zhoucheng,CN,61.0,overcast clouds,35.9122,116.3117,Yingbin Restaurant
479,Chimbote,PE,70.2,overcast clouds,-9.0853,-78.5783,Hotel Viera Chimbote
480,Lakatoro,VU,82.36,overcast clouds,-16.0999,167.4164,Lakatoro Palm Lodge
481,Carauari,BR,75.56,overcast clouds,-4.8828,-66.8958,Hotel Fellip
482,Puerto Maldonado,PE,74.12,overcast clouds,-12.6,-69.1833,Wasai Hotel
483,Itacoatiara,BR,75.56,overcast clouds,-3.1431,-58.4442,BBB Rooms Centro Itacoatiara AM
485,Bouna,CI,83.71,overcast clouds,9.2667,-3.0,Hotel Reserve
486,Point Pedro,LK,81.39,broken clouds,9.8167,80.2333,Gtr homes
489,Xacmaz,AZ,51.08,overcast clouds,41.4635,48.806000000000004,SAHƒ∞L HOTEL
490,Gold Coast,AU,69.01,clear sky,-28.0,153.4333,Mantra Towers of Chevron Surfers Paradise
491,Buchanan,LR,77.0,overcast clouds,5.8808,-10.0467,Kamaneahn Hotel Inc
492,Sigli,ID,78.57,few clouds,5.3848,95.9609,Losmen Dua Mali
494,Papara,BR,79.0,clear sky,-3.9839,-38.7273,Romin
495,Puerto Baquerizo Moreno,EC,80.6,broken clouds,-0.9,-89.6,Hotel los Algarrobos
496,Yarada,IN,79.61,clear sky,17.65,83.2667,Jeevan
498,Nantong,CN,61.0,overcast clouds,32.0303,120.8747,Overseas Chinese Hotel Nantong
499,Kipushi,CD,58.28,broken clouds,-11.7667,27.2333,Villa Madimba
500,Ballina,AU,61.0,clear sky,-28.8667,153.5667,Ramada Hotel & Suites by Wyndham Ballina Byron
501,Kalemie,CD,70.16,light rain,-5.9475,29.1947,Mahobilali
503,Takaungu,KE,78.64,light rain,-3.6837,39.8566,Takaungu House
504,Madang,PG,79.0,overcast clouds,-5.2246,145.7966,Comfort Inn Hotel
505,Brownwood,US,89.6,clear sky,31.7093,-98.9912,La Quinta Inn & Suites by Wyndham Brownwood
506,Shingu,JP,59.72,overcast clouds,33.7333,135.9833,Shingu UI Hotel
507,Kieta,PG,83.84,light rain,-6.2167,155.6333,Uruna Bay Retreat
508,Oistins,BB,78.8,volcanic ash,13.0667,-59.5333,Butterfly Beach Hotel
509,Kotturu,IN,76.62,clear sky,14.8167,76.2167,MYDUR SHANTHAMMA LAYOUT
510,Bandrele,YT,78.8,clear sky,-12.9067,45.1914,Les Baobabs
512,Havelock,US,66.99,overcast clouds,34.8791,-76.9013,Sherwood Motel
513,Flinders,AU,54.0,clear sky,-34.5833,150.8552,Shellharbour Resort & Conference Centre
515,Delaware,US,66.99,few clouds,39.0004,-75.4999,Killens Pond State Park
517,Nizwa,OM,74.37,clear sky,22.9333,57.5333,Orient Apartments
518,Raha,IN,74.5,clear sky,26.2333,92.5167,Bishnu Rajbingshi Rent House
519,La Ciotat,FR,54.0,overcast clouds,43.1748,5.6045,ibis La Ciotat
521,Brandon,US,66.2,moderate rain,27.9378,-82.2859,Brandon Motor Lodge
522,Manono,CD,68.86,light rain,-7.3,27.4167,Hotel hewa bora
524,Creel,MX,67.87,overcast clouds,27.75,-107.6333,The Lodge at Creel Hotel & SPA
525,Kapit,MY,72.63,light rain,2.0167,112.9333,Hotel Meligai Kapit
526,Tefe,BR,78.8,scattered clouds,-3.3542,-64.7114,Aracati Hotel
529,Rio Gallegos,AR,55.4,clear sky,-51.6226,-69.2181,Hotel Santa Cruz
530,Price,US,62.6,clear sky,39.5994,-110.8107,National 9 - Price River Inn
532,Salalah,OM,80.6,few clouds,17.0151,54.0924,HAMDAN PLAZA HOTEL SALALAH
535,Sao Joao Da Barra,BR,78.8,clear sky,-21.6403,-41.0511,Pousada Porto De Canoas
536,Kavieng,PG,78.57,light rain,-2.5744,150.7967,Nusa Island Retreat
537,Bambanglipuro,ID,76.26,broken clouds,-7.95,110.2833,Puri Brata
543,Los Llanos De Aridane,ES,68.0,clear sky,28.6585,-17.9182,Valle Aridane
546,Wanaka,NZ,58.06,broken clouds,-44.7,169.15,Wanaka Homestead Lodge and Cottages
548,San Cristobal,VE,87.8,scattered clouds,7.7669,-72.225,Posada Villaven C.A.
549,Jacareacanga,BR,75.56,light rain,-6.2222,-57.7528,Casa do Ianüòé
550,Soyo,AO,79.02,broken clouds,-6.1349,12.3689,Hotel Mpampa
551,Tingo Maria,PE,71.98,broken clouds,-9.2895,-76.0088,Hospedaje Para√≠so
552,Wilmington,US,73.4,clear sky,34.2257,-77.9447,"Hotel Ballast Wilmington, Tapestry Collection by Hilton"
553,Laurel,US,77.0,scattered clouds,39.0993,-76.8483,Days Inn & Suites by Wyndham Laurel Near Fort Meade
554,Puerto Morazan,NI,89.6,few clouds,12.8504,-87.1717,Iglesia de Dios de la profecia
556,Keffi,NG,77.0,scattered clouds,8.8486,7.8736,Imam Family
557,Moindou,NC,77.0,broken clouds,-21.6924,165.67700000000002,Gite de la RYAWA
558,Nouadhibou,MR,68.0,clear sky,20.930999999999997,-17.0347,El Medina
559,Mumford,GH,81.23,overcast clouds,5.2618,-0.759,Spanish Villa
561,Harrison,US,75.0,clear sky,30.4091,-89.0436,Residence Inn by Marriott Gulfport-Biloxi Airport
562,Tabou,CI,80.37,broken clouds,4.423,-7.3528,hot√™l doufoulougou
563,Pilar,BR,71.6,broken clouds,-9.5972,-35.9567,Pousada e churrascaria Manguaba
565,Bobon,PH,79.47,overcast clouds,12.5246,124.5636,Binang and Cadio Resort
